project,cve_id,phase1_project_present,matched_finding_id,confidence,score,anchor,reason_summary,matched_loc,matched_asan_type,matched_target,matched_risk_level,candidate_count,top_candidates
berry,CVE-2026-3285,True,berry::finding::66968453,strong,12,target,exec-target:berry; risk3; singleton-project; singleton-disclosure-anchor,,,berry,3,1,"[{""finding_id"": ""berry::finding::66968453"", ""score"": 12, ""confidence"": ""strong"", ""anchor"": ""target"", ""reasons"": [""exec-target:berry"", ""risk3"", ""singleton-project"", ""singleton-disclosure-anchor""]}]"
binaryen,CVE-2025-14956,True,binaryen::finding::36473443,strong,17,location,near-line:wasm/wasm-binary.cpp:4736->4736; asan-summary-match; risk3,/src/binaryen/src/wasm/wasm-binary.cpp:4736:10,heap-buffer-overflow,wasm-emscripten-finalize,3,4,"[{""finding_id"": ""binaryen::finding::36473443"", ""score"": 17, ""confidence"": ""strong"", ""anchor"": ""location"", ""reasons"": [""near-line:wasm/wasm-binary.cpp:4736->4736"", ""asan-summary-match"", ""risk3""]}, {""finding_id"": ""binaryen::finding::56457462"", ""score"": 3, ""confidence"": ""weak"", ""anchor"": ""target"", ""reasons"": [""exec-target:wasm-opt""]}, {""finding_id"": ""binaryen::finding::60970463"", ""score"": 3, ""confidence"": ""weak"", ""anchor"": ""target"", ""reasons"": [""exec-target:wasm-opt""]}]"
libfastcommon,CVE-2026-2016,True,libfastcommon::finding::92700783,strong,12,target,exec-target:fuzz_base64_decode; risk3; singleton-project; singleton-disclosure-anchor,,,fuzz_base64_decode,3,1,"[{""finding_id"": ""libfastcommon::finding::92700783"", ""score"": 12, ""confidence"": ""strong"", ""anchor"": ""target"", ""reasons"": [""exec-target:fuzz_base64_decode"", ""risk3"", ""singleton-project"", ""singleton-disclosure-anchor""]}]"
lily,CVE-2026-2660,True,lily::finding::96276758,strong,20,location,near-line:lily_symtab.c:521->521; exec-target:lily; asan-summary-match; risk3,/src/lily/src/lily_symtab.c:521:10,heap-use-after-free,lily,3,6,"[{""finding_id"": ""lily::finding::96276758"", ""score"": 20, ""confidence"": ""strong"", ""anchor"": ""location"", ""reasons"": [""near-line:lily_symtab.c:521->521"", ""exec-target:lily"", ""asan-summary-match"", ""risk3""]}, {""finding_id"": ""lily::finding::42419355"", ""score"": 12, ""confidence"": ""strong"", ""anchor"": ""target"", ""reasons"": [""exec-target:lily"", ""risk3"", ""function:realloc"", ""function-with-loc""]}, {""finding_id"": ""lily::finding::14268676"", ""score"": 11, ""confidence"": ""strong"", ""anchor"": ""target"", ""reasons"": [""exec-target:lily"", ""function:realloc"", ""function-with-loc""]}]"
lily,CVE-2026-2662,True,lily::finding::42419355,strong,20,location,near-line:lily_emitter.c:1341->1341; exec-target:lily; asan-summary-match; risk3,/src/lily/src/lily_emitter.c:1341:17,heap-buffer-overflow,lily,3,6,"[{""finding_id"": ""lily::finding::42419355"", ""score"": 20, ""confidence"": ""strong"", ""anchor"": ""location"", ""reasons"": [""near-line:lily_emitter.c:1341->1341"", ""exec-target:lily"", ""asan-summary-match"", ""risk3""]}, {""finding_id"": ""lily::finding::14268676"", ""score"": 15, ""confidence"": ""strong"", ""anchor"": ""target"", ""reasons"": [""exec-target:lily"", ""asan-summary-match"", ""function:realloc"", ""function-with-loc""]}, {""finding_id"": ""lily::finding::19530969"", ""score"": 12, ""confidence"": ""strong"", ""anchor"": ""file"", ""reasons"": [""same-file:lily_emitter.c"", ""exec-target:lily"", ""asan-summary-match""]}]"
minisat,CVE-2026-2644,True,minisat::finding::34831345,strong,28,location,near-line:core/solvertypes.h:105->105; exec-target:minisat; asan-summary-match; risk3; singleton-project; singleton-disclosure-anchor,/src/minisat/./minisat/core/SolverTypes.h:105:64,heap-buffer-overflow,minisat,3,1,"[{""finding_id"": ""minisat::finding::34831345"", ""score"": 28, ""confidence"": ""strong"", ""anchor"": ""location"", ""reasons"": [""near-line:core/solvertypes.h:105->105"", ""exec-target:minisat"", ""asan-summary-match"", ""risk3"", ""singleton-project"", ""singleton-disclosure-anchor""]}]"
openbabel,CVE-2026-2704,True,openbabel::finding::70823212,strong,29,location,near-line:math/transform3d.cpp:60->60; exec-target:obabel; format:cif; format-disclosure-anchor; asan-summary-match; risk3,/src/openbabel/src/math/transform3d.cpp:60:18,heap-buffer-overflow,obabel,3,3,"[{""finding_id"": ""openbabel::finding::70823212"", ""score"": 29, ""confidence"": ""strong"", ""anchor"": ""location"", ""reasons"": [""near-line:math/transform3d.cpp:60->60"", ""exec-target:obabel"", ""format:cif"", ""format-disclosure-anchor"", ""asan-summary-match"", ""risk3""]}, {""finding_id"": ""openbabel::finding::89823471"", ""score"": 4, ""confidence"": ""weak"", ""anchor"": ""target"", ""reasons"": [""exec-target:obabel"", ""risk3""]}, {""finding_id"": ""openbabel::finding::76898361"", ""score"": 3, ""confidence"": ""weak"", ""anchor"": ""target"", ""reasons"": [""exec-target:obabel""]}]"
openbabel,CVE-2026-2705,True,openbabel::finding::89823471,strong,13,target,exec-target:obabel; format:mol2; format-disclosure-anchor; risk3,,,obabel,3,3,"[{""finding_id"": ""openbabel::finding::70823212"", ""score"": 14, ""confidence"": ""strong"", ""anchor"": ""target"", ""reasons"": [""exec-target:obabel"", ""broad-type-match"", ""risk3"", ""function:readchemobjectimpl"", ""function-with-loc""]}, {""finding_id"": ""openbabel::finding::89823471"", ""score"": 13, ""confidence"": ""strong"", ""anchor"": ""target"", ""reasons"": [""exec-target:obabel"", ""format:mol2"", ""format-disclosure-anchor"", ""risk3""]}, {""finding_id"": ""openbabel::finding::76898361"", ""score"": 3, ""confidence"": ""weak"", ""anchor"": ""target"", ""reasons"": [""exec-target:obabel""]}]"
raylib,CVE-2025-15533,True,raylib::finding::68499575,strong,11,harness,harness-text:harness_raylib_font; asan-summary-match; risk3,/src/raylib/src/external/stb_truetype.h:1777:40,heap-buffer-overflow,harness_raylib_audio_ogg_improved,3,13,"[{""finding_id"": ""raylib::finding::68499575"", ""score"": 11, ""confidence"": ""strong"", ""anchor"": ""harness"", ""reasons"": [""harness-text:harness_raylib_font"", ""asan-summary-match"", ""risk3""]}, {""finding_id"": ""raylib::finding::24525527"", ""score"": 7, ""confidence"": ""moderate"", ""anchor"": ""harness"", ""reasons"": [""harness-text:harness_raylib_font"", ""risk3""]}, {""finding_id"": ""raylib::finding::06375443"", ""score"": 6, ""confidence"": ""weak"", ""anchor"": ""harness"", ""reasons"": [""harness-text:harness_raylib_font""]}]"
raylib,CVE-2025-15534,True,raylib::finding::24525527,strong,18,harness,harness-text:harness_raylib_font; overflow-match; risk3; function:loadfontdata; function-with-loc,/src/raylib/src/external/stb_truetype.h:1137:11,global-buffer-overflow,harness_raylib_audio_ogg_improved,3,13,"[{""finding_id"": ""raylib::finding::24525527"", ""score"": 18, ""confidence"": ""strong"", ""anchor"": ""harness"", ""reasons"": [""harness-text:harness_raylib_font"", ""overflow-match"", ""risk3"", ""function:loadfontdata"", ""function-with-loc""]}, {""finding_id"": ""raylib::finding::68499575"", ""score"": 18, ""confidence"": ""strong"", ""anchor"": ""harness"", ""reasons"": [""harness-text:harness_raylib_font"", ""overflow-match"", ""risk3"", ""function:loadfontdata"", ""function-with-loc""]}, {""finding_id"": ""raylib::finding::56043074"", ""score"": 14, ""confidence"": ""strong"", ""anchor"": ""harness"", ""reasons"": [""harness-text:harness_raylib_font"", ""function:loadfontdata"", ""function-with-loc""]}]"
sokol,CVE-2025-14958,True,sokol::finding::32012039,strong,20,location,near-line:sokol_gfx.h:8148->8148; exec-target:harness_gfx_traditional_fuzzer; asan-summary-match; risk3,/src/sokol/./sokol_gfx.h:8148:72,heap-buffer-overflow,harness_gfx_traditional_fuzzer,3,5,"[{""finding_id"": ""sokol::finding::32012039"", ""score"": 20, ""confidence"": ""strong"", ""anchor"": ""location"", ""reasons"": [""near-line:sokol_gfx.h:8148->8148"", ""exec-target:harness_gfx_traditional_fuzzer"", ""asan-summary-match"", ""risk3""]}, {""finding_id"": ""sokol::finding::63165553"", ""score"": 9, ""confidence"": ""moderate"", ""anchor"": ""file"", ""reasons"": [""same-file:sokol_gfx.h"", ""exec-target:harness_gfx_traditional_fuzzer"", ""risk3""]}, {""finding_id"": ""sokol::finding::31523467"", ""score"": 3, ""confidence"": ""weak"", ""anchor"": ""target"", ""reasons"": [""exec-target:harness_gfx_traditional_fuzzer""]}]"
sokol,CVE-2025-15155,True,sokol::finding::63165553,strong,20,location,near-line:sokol_gfx.h:24084->24084; exec-target:harness_gfx_traditional_fuzzer; asan-summary-match; risk3,/src/sokol/./sokol_gfx.h:24084:44,stack-buffer-underflow,harness_gfx_traditional_fuzzer,3,5,"[{""finding_id"": ""sokol::finding::63165553"", ""score"": 20, ""confidence"": ""strong"", ""anchor"": ""location"", ""reasons"": [""near-line:sokol_gfx.h:24084->24084"", ""exec-target:harness_gfx_traditional_fuzzer"", ""asan-summary-match"", ""risk3""]}, {""finding_id"": ""sokol::finding::32012039"", ""score"": 9, ""confidence"": ""moderate"", ""anchor"": ""file"", ""reasons"": [""same-file:sokol_gfx.h"", ""exec-target:harness_gfx_traditional_fuzzer"", ""risk3""]}, {""finding_id"": ""sokol::finding::31523467"", ""score"": 3, ""confidence"": ""weak"", ""anchor"": ""target"", ""reasons"": [""exec-target:harness_gfx_traditional_fuzzer""]}]"
soloud,CVE-2026-3393,True,soloud::finding::06044241,strong,17,location,near-line:audiosource/wav/soloud_wav.cpp:257->257; asan-summary-match; risk3,/src/soloud/src/audiosource/wav/soloud_wav.cpp:257:38,heap-buffer-overflow,fuzz_wav,3,8,"[{""finding_id"": ""soloud::finding::06044241"", ""score"": 17, ""confidence"": ""strong"", ""anchor"": ""location"", ""reasons"": [""near-line:audiosource/wav/soloud_wav.cpp:257->257"", ""asan-summary-match"", ""risk3""]}, {""finding_id"": ""soloud::finding::16513518"", ""score"": 13, ""confidence"": ""strong"", ""anchor"": ""file"", ""reasons"": [""same-file:audiosource/wav/soloud_wav.cpp"", ""function:loadmem"", ""function-with-loc""]}, {""finding_id"": ""soloud::finding::21000818"", ""score"": 13, ""confidence"": ""strong"", ""anchor"": ""file"", ""reasons"": [""same-file:audiosource/wav/soloud_wav.cpp"", ""function:loadmem"", ""function-with-loc""]}]"
soloud,CVE-2026-3394,True,soloud::finding::46506111,strong,18,file,same-file:audiosource/wav/soloud_wav.cpp; asan-summary-match; risk3; function:loadmem; function-with-loc,/src/soloud/src/audiosource/wav/soloud_wav.cpp:257:38,deadlysignal,fuzz_wav,3,11,"[{""finding_id"": ""soloud::finding::46506111"", ""score"": 18, ""confidence"": ""strong"", ""anchor"": ""file"", ""reasons"": [""same-file:audiosource/wav/soloud_wav.cpp"", ""asan-summary-match"", ""risk3"", ""function:loadmem"", ""function-with-loc""]}, {""finding_id"": ""soloud::finding::06044241"", ""score"": 16, ""confidence"": ""strong"", ""anchor"": ""file"", ""reasons"": [""same-file:audiosource/wav/soloud_wav.cpp"", ""broad-type-match"", ""risk3"", ""function:loadmem"", ""function-with-loc""]}, {""finding_id"": ""soloud::finding::21000818"", ""score"": 16, ""confidence"": ""strong"", ""anchor"": ""location"", ""reasons"": [""near-line:audiosource/wav/soloud_wav.cpp:126->126"", ""asan-summary-match""]}]"
squirrel,CVE-2026-2659,True,squirrel::finding::11477017,strong,20,location,near-line:squirrel/squirrel/sqfuncstate.cpp:290->290; exec-target:sq; asan-summary-match; risk3,/src/squirrel/squirrel/sqfuncstate.cpp:290:41,heap-buffer-overflow,sq,3,10,"[{""finding_id"": ""squirrel::finding::11477017"", ""score"": 20, ""confidence"": ""strong"", ""anchor"": ""location"", ""reasons"": [""near-line:squirrel/squirrel/sqfuncstate.cpp:290->290"", ""exec-target:sq"", ""asan-summary-match"", ""risk3""]}, {""finding_id"": ""squirrel::finding::35854739"", ""score"": 16, ""confidence"": ""strong"", ""anchor"": ""target"", ""reasons"": [""exec-target:sq"", ""asan-summary-match"", ""risk3"", ""function:realloc"", ""function-with-loc""]}, {""finding_id"": ""squirrel::finding::53286305"", ""score"": 16, ""confidence"": ""strong"", ""anchor"": ""file"", ""reasons"": [""same-file:squirrel/sqcompiler.cpp"", ""exec-target:sq"", ""function:logicalandexp"", ""function-with-loc""]}]"
squirrel,CVE-2026-2661,True,squirrel::finding::35854739,strong,20,location,near-line:squirrel/sqobject.h:269->269; exec-target:sq; asan-summary-match; risk3,/src/squirrel/squirrel/sqobject.h:269:16,heap-buffer-overflow,sq,3,10,"[{""finding_id"": ""squirrel::finding::35854739"", ""score"": 20, ""confidence"": ""strong"", ""anchor"": ""location"", ""reasons"": [""near-line:squirrel/sqobject.h:269->269"", ""exec-target:sq"", ""asan-summary-match"", ""risk3""]}, {""finding_id"": ""squirrel::finding::11477017"", ""score"": 16, ""confidence"": ""strong"", ""anchor"": ""target"", ""reasons"": [""exec-target:sq"", ""asan-summary-match"", ""risk3"", ""function:startcall"", ""function-with-loc""]}, {""finding_id"": ""squirrel::finding::18752570"", ""score"": 11, ""confidence"": ""strong"", ""anchor"": ""target"", ""reasons"": [""exec-target:sq"", ""function:executiontype"", ""function-with-loc""]}]"
wabt,CVE-2025-15411,True,wabt::finding::28115182,strong,12,target-text,target-text:wasm-decompile; risk3; function:insertnode; function-with-loc,/src/wabt/include/wabt/decompiler-ast.h:98,,wasm-interp,3,4,"[{""finding_id"": ""wabt::finding::28115182"", ""score"": 12, ""confidence"": ""strong"", ""anchor"": ""target-text"", ""reasons"": [""target-text:wasm-decompile"", ""risk3"", ""function:insertnode"", ""function-with-loc""]}, {""finding_id"": ""wabt::finding::02015559"", ""score"": 11, ""confidence"": ""strong"", ""anchor"": ""target-text"", ""reasons"": [""target-text:wasm-decompile"", ""function:construct"", ""function-with-loc""]}, {""finding_id"": ""wabt::finding::73259399"", ""score"": 4, ""confidence"": ""weak"", ""anchor"": ""target-text"", ""reasons"": [""target-text:wasm-decompile"", ""risk3""]}]"
wabt,CVE-2025-15412,True,wabt::finding::73259399,strong,12,target-text,target-text:wasm-decompile; risk3; function:decompileexpr; function-with-loc,/src/wabt/src/decompiler.cc:414,,wasm-interp,3,4,"[{""finding_id"": ""wabt::finding::73259399"", ""score"": 12, ""confidence"": ""strong"", ""anchor"": ""target-text"", ""reasons"": [""target-text:wasm-decompile"", ""risk3"", ""function:decompileexpr"", ""function-with-loc""]}, {""finding_id"": ""wabt::finding::93101875"", ""score"": 11, ""confidence"": ""strong"", ""anchor"": ""target-text"", ""reasons"": [""target-text:wasm-decompile"", ""function:varname"", ""function-with-loc""]}, {""finding_id"": ""wabt::finding::28115182"", ""score"": 4, ""confidence"": ""weak"", ""anchor"": ""target-text"", ""reasons"": [""target-text:wasm-decompile"", ""risk3""]}]"
wasm3,CVE-2025-15413,True,wasm3::finding::30113371,strong,20,file,report-file:m3_exec.h; exec-target:wasm3; asan-summary-match; risk3; singleton-project; singleton-disclosure-anchor,/src/wasm3/source/m3_exec.h:968,deadlysignal,wasm3,3,1,"[{""finding_id"": ""wasm3::finding::30113371"", ""score"": 20, ""confidence"": ""strong"", ""anchor"": ""file"", ""reasons"": [""report-file:m3_exec.h"", ""exec-target:wasm3"", ""asan-summary-match"", ""risk3"", ""singleton-project"", ""singleton-disclosure-anchor""]}]"
wren,CVE-2026-2858,True,wren::finding::49674825,strong,20,location,near-line:vm/wren_compiler.c:641->641; exec-target:fuzz_wren; asan-summary-match; risk3,/src/wren/projects/make/../../src/vm/wren_compiler.c:641:10,heap-buffer-overflow,fuzz_wren,3,6,"[{""finding_id"": ""wren::finding::49674825"", ""score"": 20, ""confidence"": ""strong"", ""anchor"": ""location"", ""reasons"": [""near-line:vm/wren_compiler.c:641->641"", ""exec-target:fuzz_wren"", ""asan-summary-match"", ""risk3""]}, {""finding_id"": ""wren::finding::94781489"", ""score"": 12, ""confidence"": ""strong"", ""anchor"": ""file"", ""reasons"": [""same-file:vm/wren_compiler.c"", ""exec-target:fuzz_wren"", ""asan-summary-match""]}, {""finding_id"": ""wren::finding::13953049"", ""score"": 11, ""confidence"": ""strong"", ""anchor"": ""file"", ""reasons"": [""same-file:vm/wren_compiler.c"", ""exec-target:fuzz_wren"", ""broad-type-match"", ""risk3""]}]"
wren,CVE-2026-3386,True,wren::finding::13953049,strong,20,location,near-line:vm/wren_compiler.c:1329->1329; exec-target:fuzz_wren; asan-summary-match; risk3,/src/wren/projects/make/../../src/vm/wren_compiler.c:1329:25,global-buffer-overflow,fuzz_wren,3,6,"[{""finding_id"": ""wren::finding::13953049"", ""score"": 20, ""confidence"": ""strong"", ""anchor"": ""location"", ""reasons"": [""near-line:vm/wren_compiler.c:1329->1329"", ""exec-target:fuzz_wren"", ""asan-summary-match"", ""risk3""]}, {""finding_id"": ""wren::finding::49674825"", ""score"": 11, ""confidence"": ""strong"", ""anchor"": ""file"", ""reasons"": [""same-file:vm/wren_compiler.c"", ""exec-target:fuzz_wren"", ""broad-type-match"", ""risk3""]}, {""finding_id"": ""wren::finding::61742801"", ""score"": 10, ""confidence"": ""moderate"", ""anchor"": ""file"", ""reasons"": [""same-file:vm/wren_compiler.c"", ""exec-target:fuzz_wren"", ""broad-type-match""]}]"
xlnt,CVE-2026-3463,True,xlnt::finding::50111272,strong,20,location,near-line:source/detail/binary.hpp:278->278; exec-target:fuzz_xlnt; asan-summary-match; risk3,/src/xlnt/source/../source/detail/binary.hpp:278:9,heap-buffer-overflow,fuzz_xlnt,3,15,"[{""finding_id"": ""xlnt::finding::50111272"", ""score"": 20, ""confidence"": ""strong"", ""anchor"": ""location"", ""reasons"": [""near-line:source/detail/binary.hpp:278->278"", ""exec-target:fuzz_xlnt"", ""asan-summary-match"", ""risk3""]}, {""finding_id"": ""xlnt::finding::14746173"", ""score"": 16, ""confidence"": ""strong"", ""anchor"": ""file"", ""reasons"": [""same-file:source/detail/cryptography/compound_document.cpp"", ""exec-target:fuzz_xlnt"", ""function:compound_document"", ""function-with-loc""]}, {""finding_id"": ""xlnt::finding::27458735"", ""score"": 16, ""confidence"": ""strong"", ""anchor"": ""file"", ""reasons"": [""same-file:source/detail/cryptography/compound_document.cpp"", ""exec-target:fuzz_xlnt"", ""function:compound_document"", ""function-with-loc""]}]"
xlnt,CVE-2026-3663,True,xlnt::finding::77280579,strong,20,location,near-line:source/detail/cryptography/compound_document.cpp:132->131; exec-target:fuzz_xlnt; asan-summary-match; risk3,/src/xlnt/source/detail/cryptography/compound_document.cpp:131:44,heap-buffer-overflow,fuzz_xlnt,3,15,"[{""finding_id"": ""xlnt::finding::77280579"", ""score"": 20, ""confidence"": ""strong"", ""anchor"": ""location"", ""reasons"": [""near-line:source/detail/cryptography/compound_document.cpp:132->131"", ""exec-target:fuzz_xlnt"", ""asan-summary-match"", ""risk3""]}, {""finding_id"": ""xlnt::finding::14746173"", ""score"": 16, ""confidence"": ""strong"", ""anchor"": ""file"", ""reasons"": [""same-file:source/detail/cryptography/compound_document.cpp"", ""exec-target:fuzz_xlnt"", ""function:basic_string"", ""function-with-loc""]}, {""finding_id"": ""xlnt::finding::27458735"", ""score"": 16, ""confidence"": ""strong"", ""anchor"": ""file"", ""reasons"": [""same-file:source/detail/cryptography/compound_document.cpp"", ""exec-target:fuzz_xlnt"", ""function:basic_streambuf"", ""function-with-loc""]}]"
