project,finding_count,risk_3,risk_2,risk_1,risk_0,proxy_3,proxy_2,proxy_1,proxy_0,avg_support_count,avg_site_anchor,avg_locality,avg_sanitizer,avg_weak
libpng,4,1,2,0,1,0,4,0,0,194.0,0.5,0.85,0.4,0.135
libsndfile,1,0,0,0,1,0,1,0,0,1.0,0.5,0.85,0.4,0.19
libtiff,9,6,3,0,0,0,9,0,0,3.22,0.5,0.85,0.4,0.168
libxml2,6,5,1,0,0,0,6,0,0,4.83,0.5,0.85,0.4,0.162
lua,1,0,0,0,1,0,1,0,0,1.0,0.5,0.85,0.4,0.19
openssl,5,4,1,0,0,0,5,0,0,48.4,0.5,0.85,0.4,0.11
php,3,3,0,0,0,0,3,0,0,3.33,0.5,0.85,0.4,0.167
poppler,12,5,5,0,2,0,12,0,0,3.5,0.5,0.85,0.4,0.195
sqlite3,8,7,1,0,0,0,8,0,0,3.0,0.5,0.85,0.4,0.17
