cve_id,nvd_preferred_severity,cvss_score,cvss_vector,project,bug_id,bug_type
CVE-2011-2696,MEDIUM,6.8,AV:N/AC:M/Au:N/C:P/I:P/A:P,libsndfile,SND001,
CVE-2013-6954,MEDIUM,6.5,CVSS:3.1/AV:N/AC:L/PR:N/UI:R/S:U/C:N/I:N/A:H,libpng,PNG007,
CVE-2013-7443,MEDIUM,5.0,AV:N/AC:L/Au:N/C:N/I:N/A:P,sqlite3,SQL013,
CVE-2014-9495,HIGH,8.8,CVSS:3.1/AV:N/AC:L/PR:N/UI:R/S:U/C:H/I:H/A:H,libpng,PNG005,
CVE-2014-9496,LOW,2.1,AV:L/AC:L/Au:N/C:N/I:N/A:P,libsndfile,SND002,
CVE-2014-9756,MEDIUM,5.0,AV:N/AC:L/Au:N/C:N/I:N/A:P,libsndfile,SND004,
CVE-2014-9912,CRITICAL,9.8,CVSS:3.0/AV:N/AC:L/PR:N/UI:N/S:U/C:H/I:H/A:H,php,PHP014,
CVE-2015-0208,MEDIUM,4.3,AV:N/AC:M/Au:N/C:N/I:N/A:P,openssl,SSL013,
CVE-2015-0286,MEDIUM,5.0,AV:N/AC:L/Au:N/C:N/I:N/A:P,openssl,SSL014,
CVE-2015-0288,MEDIUM,5.0,AV:N/AC:L/Au:N/C:N/I:N/A:P,openssl,SSL012,
CVE-2015-0289,MEDIUM,5.0,AV:N/AC:L/Au:N/C:N/I:N/A:P,openssl,SSL015,
CVE-2015-0973,HIGH,8.8,CVSS:3.1/AV:N/AC:L/PR:N/UI:R/S:U/C:H/I:H/A:H,libpng,PNG004,
CVE-2015-1788,MEDIUM,4.3,AV:N/AC:M/Au:N/C:N/I:N/A:P,openssl,SSL016,
CVE-2015-1790,MEDIUM,5.0,AV:N/AC:L/Au:N/C:N/I:N/A:P,openssl,SSL011,
CVE-2015-3414,HIGH,7.5,AV:N/AC:L/Au:N/C:P/I:P/A:P,sqlite3,SQL018,
CVE-2015-3415,HIGH,7.5,AV:N/AC:L/Au:N/C:P/I:P/A:P,sqlite3,SQL016,
CVE-2015-3416,HIGH,7.5,AV:N/AC:L/Au:N/C:P/I:P/A:P,sqlite3,SQL019,
CVE-2015-8317,MEDIUM,5.0,AV:N/AC:L/Au:N/C:P/I:N/A:N,libxml2,XML009,
CVE-2015-8472,HIGH,7.3,CVSS:3.0/AV:N/AC:L/PR:N/UI:N/S:U/C:L/I:L/A:L,libpng,PNG003,
CVE-2015-8784,MEDIUM,6.5,CVSS:3.1/AV:N/AC:L/PR:N/UI:R/S:U/C:N/I:N/A:H,libtiff,TIF008,
CVE-2016-0797,HIGH,7.5,CVSS:3.1/AV:N/AC:L/PR:N/UI:N/S:U/C:N/I:N/A:H,openssl,SSL010,
CVE-2016-10159,HIGH,7.5,CVSS:3.1/AV:N/AC:L/PR:N/UI:N/S:U/C:N/I:N/A:H,php,PHP015,
CVE-2016-10266,MEDIUM,5.5,CVSS:3.0/AV:L/AC:L/PR:N/UI:R/S:U/C:N/I:N/A:H,libtiff,TIF003,
CVE-2016-10267,MEDIUM,5.5,CVSS:3.0/AV:L/AC:L/PR:N/UI:R/S:U/C:N/I:N/A:H,libtiff,TIF004,
CVE-2016-10269,HIGH,7.8,CVSS:3.0/AV:L/AC:L/PR:N/UI:R/S:U/C:H/I:H/A:H,libtiff,TIF005,
CVE-2016-10270,HIGH,7.8,CVSS:3.0/AV:L/AC:L/PR:N/UI:R/S:U/C:H/I:H/A:H,libtiff,TIF007,
CVE-2016-1762,HIGH,8.1,CVSS:3.1/AV:N/AC:L/PR:N/UI:R/S:U/C:H/I:N/A:H,libxml2,XML017,
CVE-2016-1834,HIGH,7.8,CVSS:3.1/AV:L/AC:L/PR:N/UI:R/S:U/C:H/I:H/A:H,libxml2,XML011,
CVE-2016-1836,MEDIUM,5.5,CVSS:3.0/AV:L/AC:L/PR:N/UI:R/S:U/C:N/I:N/A:H,libxml2,XML012,
CVE-2016-1837,MEDIUM,5.5,CVSS:3.0/AV:L/AC:L/PR:N/UI:R/S:U/C:N/I:N/A:H,libxml2,XML013,
CVE-2016-1839,MEDIUM,5.5,CVSS:3.0/AV:L/AC:L/PR:N/UI:R/S:U/C:N/I:N/A:H,libxml2,XML014,
CVE-2016-1840,HIGH,7.8,CVSS:3.0/AV:L/AC:L/PR:N/UI:R/S:U/C:H/I:H/A:H,libxml2,XML016,
CVE-2016-2105,HIGH,7.5,CVSS:3.1/AV:N/AC:L/PR:N/UI:N/S:U/C:N/I:N/A:H,openssl,SSL006,
CVE-2016-2108,CRITICAL,9.8,CVSS:3.0/AV:N/AC:L/PR:N/UI:N/S:U/C:H/I:H/A:H,openssl,SSL001,
CVE-2016-2109,HIGH,7.5,CVSS:3.0/AV:N/AC:L/PR:N/UI:N/S:U/C:N/I:N/A:H,openssl,SSL003,
CVE-2016-2176,HIGH,8.2,CVSS:3.0/AV:N/AC:L/PR:N/UI:N/S:U/C:L/I:N/A:H,openssl,SSL004,
CVE-2016-3658,HIGH,7.5,CVSS:3.0/AV:N/AC:L/PR:N/UI:N/S:U/C:N/I:N/A:H,libtiff,TIF012,
CVE-2016-4449,HIGH,7.1,CVSS:3.0/AV:L/AC:L/PR:N/UI:R/S:U/C:H/I:N/A:H,libxml2,XML010,
CVE-2016-5314,HIGH,8.8,CVSS:3.0/AV:N/AC:L/PR:N/UI:R/S:U/C:H/I:H/A:H,libtiff,TIF002,
CVE-2016-6302,HIGH,7.5,CVSS:3.0/AV:N/AC:L/PR:N/UI:N/S:U/C:N/I:N/A:H,openssl,SSL020,
CVE-2016-6303,CRITICAL,9.8,CVSS:3.1/AV:N/AC:L/PR:N/UI:N/S:U/C:H/I:H/A:H,openssl,SSL007,
CVE-2016-6304,HIGH,7.5,CVSS:3.1/AV:N/AC:L/PR:N/UI:N/S:U/C:N/I:N/A:H,openssl,SSL005,
CVE-2016-6305,HIGH,7.5,CVSS:3.0/AV:N/AC:L/PR:N/UI:N/S:U/C:N/I:N/A:H,openssl,SSL019,
CVE-2016-6308,MEDIUM,5.9,CVSS:3.0/AV:N/AC:H/PR:N/UI:N/S:U/C:N/I:N/A:H,openssl,SSL018,
CVE-2016-6309,CRITICAL,9.8,CVSS:3.0/AV:N/AC:L/PR:N/UI:N/S:U/C:H/I:H/A:H,openssl,SSL002,
CVE-2016-7052,HIGH,7.5,CVSS:3.1/AV:N/AC:L/PR:N/UI:N/S:U/C:N/I:N/A:H,openssl,SSL017,
CVE-2016-7414,CRITICAL,9.8,CVSS:3.0/AV:N/AC:L/PR:N/UI:N/S:U/C:H/I:H/A:H,php,PHP016,
CVE-2016-9535,CRITICAL,9.8,CVSS:3.0/AV:N/AC:L/PR:N/UI:N/S:U/C:H/I:H/A:H,libtiff,TIF001,
CVE-2017-0663,HIGH,7.8,CVSS:3.0/AV:L/AC:L/PR:N/UI:R/S:U/C:H/I:H/A:H,libxml2,XML002,
CVE-2017-10989,CRITICAL,9.8,CVSS:3.0/AV:N/AC:L/PR:N/UI:N/S:U/C:H/I:H/A:H,sqlite3,SQL011,
CVE-2017-11362,CRITICAL,9.8,CVSS:3.0/AV:N/AC:L/PR:N/UI:N/S:U/C:H/I:H/A:H,php,PHP013,
CVE-2017-11613,MEDIUM,6.5,CVSS:3.0/AV:N/AC:L/PR:N/UI:R/S:U/C:N/I:N/A:H,libtiff,TIF014,
CVE-2017-12562,CRITICAL,9.8,CVSS:3.1/AV:N/AC:L/PR:N/UI:N/S:U/C:H/I:H/A:H,libsndfile,SND010,
CVE-2017-14245,HIGH,8.1,CVSS:3.0/AV:N/AC:L/PR:N/UI:R/S:U/C:H/I:N/A:H,libsndfile,SND014,
CVE-2017-14246,HIGH,8.1,CVSS:3.0/AV:N/AC:L/PR:N/UI:R/S:U/C:H/I:N/A:H,libsndfile,SND022,
CVE-2017-14617,HIGH,7.8,CVSS:3.0/AV:L/AC:L/PR:N/UI:R/S:U/C:H/I:H/A:H,poppler,PDF021,
CVE-2017-14634,MEDIUM,6.5,CVSS:3.0/AV:N/AC:L/PR:N/UI:R/S:U/C:N/I:N/A:H,libsndfile,SND016,
CVE-2017-15286,HIGH,7.5,CVSS:3.0/AV:N/AC:L/PR:N/UI:N/S:U/C:N/I:N/A:H,sqlite3,SQL008,
CVE-2017-18267,MEDIUM,5.5,CVSS:3.0/AV:L/AC:L/PR:N/UI:R/S:U/C:N/I:N/A:H,poppler,PDF020,
CVE-2017-2518,CRITICAL,9.8,CVSS:3.0/AV:N/AC:L/PR:N/UI:N/S:U/C:H/I:H/A:H,sqlite3,SQL010,
CVE-2017-2520,CRITICAL,9.8,CVSS:3.0/AV:N/AC:L/PR:N/UI:N/S:U/C:H/I:H/A:H,sqlite3,SQL009,
CVE-2017-3730,HIGH,7.5,CVSS:3.0/AV:N/AC:L/PR:N/UI:N/S:U/C:N/I:N/A:H,openssl,SSL008,
CVE-2017-3735,MEDIUM,5.3,CVSS:3.0/AV:N/AC:L/PR:N/UI:N/S:U/C:N/I:L/A:N,openssl,SSL009,
CVE-2017-5130,HIGH,8.8,CVSS:3.1/AV:N/AC:L/PR:N/UI:R/S:U/C:H/I:H/A:H,libxml2,XML005,
CVE-2017-6892,HIGH,8.8,CVSS:3.0/AV:N/AC:L/PR:N/UI:R/S:U/C:H/I:H/A:H,libsndfile,SND005,
CVE-2017-7375,CRITICAL,9.8,CVSS:3.1/AV:N/AC:L/PR:N/UI:N/S:U/C:H/I:H/A:H,libxml2,XML003,
CVE-2017-8361,HIGH,8.8,CVSS:3.0/AV:N/AC:L/PR:N/UI:R/S:U/C:H/I:H/A:H,libsndfile,SND006,
CVE-2017-8363,MEDIUM,6.5,CVSS:3.0/AV:N/AC:L/PR:N/UI:R/S:U/C:N/I:N/A:H,libsndfile,SND007,
CVE-2017-8872,CRITICAL,9.1,CVSS:3.1/AV:N/AC:L/PR:N/UI:N/S:U/C:H/I:N/A:H,libxml2,XML007,
CVE-2017-9047,HIGH,7.5,CVSS:3.0/AV:N/AC:L/PR:N/UI:N/S:U/C:N/I:N/A:H,libxml2,XML001,
CVE-2017-9048,HIGH,7.5,CVSS:3.1/AV:N/AC:L/PR:N/UI:N/S:U/C:N/I:N/A:H,libxml2,XML006,
CVE-2017-9776,HIGH,7.8,CVSS:3.0/AV:L/AC:L/PR:N/UI:R/S:U/C:H/I:H/A:H,poppler,PDF019,
CVE-2017-9865,MEDIUM,5.5,CVSS:3.0/AV:L/AC:L/PR:N/UI:R/S:U/C:N/I:N/A:H,poppler,PDF003,
CVE-2018-10768,MEDIUM,6.5,CVSS:3.0/AV:N/AC:L/PR:N/UI:R/S:U/C:N/I:N/A:H,poppler,PDF018,
CVE-2018-13785,MEDIUM,6.5,CVSS:3.1/AV:N/AC:L/PR:N/UI:R/S:U/C:N/I:N/A:H,libpng,PNG001,
CVE-2018-13988,MEDIUM,6.5,CVSS:3.0/AV:N/AC:L/PR:N/UI:R/S:U/C:N/I:N/A:H,poppler,PDF016,
CVE-2018-14567,MEDIUM,6.5,CVSS:3.0/AV:N/AC:L/PR:N/UI:R/S:U/C:N/I:N/A:H,libxml2,XML004,
CVE-2018-14883,HIGH,7.5,CVSS:3.0/AV:N/AC:L/PR:N/UI:N/S:U/C:N/I:N/A:H,php,PHP011,
CVE-2018-18557,HIGH,8.8,CVSS:3.0/AV:N/AC:L/PR:N/UI:R/S:U/C:H/I:H/A:H,libtiff,TIF013,
CVE-2018-19058,MEDIUM,6.5,CVSS:3.1/AV:N/AC:L/PR:N/UI:R/S:U/C:N/I:N/A:H,poppler,PDF015,
CVE-2018-19661,MEDIUM,6.5,CVSS:3.0/AV:N/AC:L/PR:N/UI:R/S:U/C:N/I:N/A:H,libsndfile,SND023,
CVE-2018-19662,HIGH,8.1,CVSS:3.0/AV:N/AC:L/PR:N/UI:R/S:U/C:H/I:N/A:H,libsndfile,SND015,
CVE-2018-19758,MEDIUM,6.5,CVSS:3.0/AV:N/AC:L/PR:N/UI:R/S:U/C:N/I:N/A:H,libsndfile,SND025,
CVE-2018-20481,MEDIUM,6.5,CVSS:3.0/AV:N/AC:L/PR:N/UI:R/S:U/C:N/I:N/A:H,poppler,PDF014,
CVE-2018-20650,MEDIUM,6.5,CVSS:3.1/AV:N/AC:L/PR:N/UI:R/S:U/C:N/I:N/A:H,poppler,PDF013,
CVE-2018-20783,HIGH,7.5,CVSS:3.0/AV:N/AC:L/PR:N/UI:N/S:U/C:H/I:N/A:N,php,PHP007,
CVE-2018-21009,HIGH,8.8,CVSS:3.0/AV:N/AC:L/PR:N/UI:R/S:U/C:H/I:H/A:H,poppler,PDF012,
CVE-2018-7456,MEDIUM,6.5,CVSS:3.0/AV:N/AC:L/PR:N/UI:R/S:U/C:N/I:N/A:H,libtiff,TIF011,
CVE-2018-7584,CRITICAL,9.8,CVSS:3.0/AV:N/AC:L/PR:N/UI:N/S:U/C:H/I:H/A:H,php,PHP012,
CVE-2018-8740,HIGH,7.5,CVSS:3.0/AV:N/AC:L/PR:N/UI:N/S:U/C:N/I:N/A:H,sqlite3,SQL007,
CVE-2018-8905,HIGH,8.8,CVSS:3.1/AV:N/AC:L/PR:N/UI:R/S:U/C:H/I:H/A:H,libtiff,TIF010,
CVE-2019-10872,HIGH,8.8,CVSS:3.0/AV:N/AC:L/PR:N/UI:R/S:U/C:H/I:H/A:H,poppler,PDF006,
CVE-2019-10873,MEDIUM,6.5,CVSS:3.0/AV:N/AC:L/PR:N/UI:R/S:U/C:N/I:N/A:H,poppler,PDF004,
CVE-2019-11034,CRITICAL,9.1,CVSS:3.1/AV:N/AC:L/PR:N/UI:N/S:U/C:H/I:N/A:H,php,PHP004,
CVE-2019-11039,CRITICAL,9.1,CVSS:3.1/AV:N/AC:L/PR:N/UI:N/S:U/C:H/I:N/A:H,php,PHP005,
CVE-2019-11040,CRITICAL,9.1,CVSS:3.1/AV:N/AC:L/PR:N/UI:N/S:U/C:H/I:N/A:H,php,PHP006,
CVE-2019-11041,HIGH,7.1,CVSS:3.1/AV:N/AC:L/PR:N/UI:R/S:U/C:L/I:N/A:H,php,PHP003,
CVE-2019-12293,HIGH,8.8,CVSS:3.0/AV:N/AC:L/PR:N/UI:R/S:U/C:H/I:H/A:H,poppler,PDF005,
CVE-2019-12360,HIGH,7.1,CVSS:3.0/AV:L/AC:L/PR:N/UI:R/S:U/C:H/I:N/A:H,poppler,PDF017,
CVE-2019-12493,HIGH,7.1,CVSS:3.0/AV:L/AC:L/PR:N/UI:R/S:U/C:H/I:N/A:H,poppler,PDF022,
CVE-2019-14494,HIGH,7.5,CVSS:3.1/AV:N/AC:L/PR:N/UI:N/S:U/C:N/I:N/A:H,poppler,PDF001,
CVE-2019-19244,HIGH,7.5,CVSS:3.1/AV:N/AC:L/PR:N/UI:N/S:U/C:N/I:N/A:H,sqlite3,SQL006,
CVE-2019-19317,CRITICAL,9.8,CVSS:3.1/AV:N/AC:L/PR:N/UI:N/S:U/C:H/I:H/A:H,sqlite3,SQL015,
CVE-2019-19646,CRITICAL,9.8,CVSS:3.1/AV:N/AC:L/PR:N/UI:N/S:U/C:H/I:H/A:H,sqlite3,SQL012,
CVE-2019-19880,HIGH,7.5,CVSS:3.1/AV:N/AC:L/PR:N/UI:N/S:U/C:N/I:N/A:H,sqlite3,SQL020,
CVE-2019-19923,HIGH,7.5,CVSS:3.1/AV:N/AC:L/PR:N/UI:N/S:U/C:N/I:N/A:H,sqlite3,SQL003,
CVE-2019-19925,HIGH,7.5,CVSS:3.1/AV:N/AC:L/PR:N/UI:N/S:U/C:N/I:N/A:H,sqlite3,SQL005,
CVE-2019-19926,HIGH,7.5,CVSS:3.1/AV:N/AC:L/PR:N/UI:N/S:U/C:N/I:N/A:H,sqlite3,SQL014,
CVE-2019-19959,HIGH,7.5,CVSS:3.1/AV:N/AC:L/PR:N/UI:N/S:U/C:N/I:H/A:N,sqlite3,SQL004,
CVE-2019-20218,HIGH,7.5,CVSS:3.1/AV:N/AC:L/PR:N/UI:N/S:U/C:N/I:N/A:H,sqlite3,SQL002,
CVE-2019-7310,HIGH,7.8,CVSS:3.1/AV:L/AC:L/PR:N/UI:R/S:U/C:H/I:H/A:H,poppler,PDF011,
CVE-2019-7317,MEDIUM,5.3,CVSS:3.1/AV:N/AC:H/PR:N/UI:R/S:U/C:N/I:N/A:H,libpng,PNG002,
CVE-2019-7663,MEDIUM,6.5,CVSS:3.0/AV:N/AC:L/PR:N/UI:R/S:U/C:N/I:N/A:H,libtiff,TIF009,
CVE-2019-9021,CRITICAL,9.8,CVSS:3.0/AV:N/AC:L/PR:N/UI:N/S:U/C:H/I:H/A:H,php,PHP001,
CVE-2019-9022,HIGH,7.5,CVSS:3.0/AV:N/AC:L/PR:N/UI:N/S:U/C:H/I:N/A:N,php,PHP008,
CVE-2019-9200,HIGH,8.8,CVSS:3.0/AV:N/AC:L/PR:N/UI:R/S:U/C:H/I:H/A:H,poppler,PDF007,
CVE-2019-9638,HIGH,7.5,CVSS:3.1/AV:N/AC:L/PR:N/UI:N/S:U/C:H/I:N/A:N,php,PHP009,
CVE-2019-9640,HIGH,7.5,CVSS:3.1/AV:N/AC:L/PR:N/UI:N/S:U/C:H/I:N/A:N,php,PHP010,
CVE-2019-9641,CRITICAL,9.8,CVSS:3.1/AV:N/AC:L/PR:N/UI:N/S:U/C:H/I:H/A:H,php,PHP002,
CVE-2019-9936,HIGH,7.5,CVSS:3.0/AV:N/AC:L/PR:N/UI:N/S:U/C:H/I:N/A:N,sqlite3,SQL001,
CVE-2019-9959,MEDIUM,6.5,CVSS:3.1/AV:N/AC:L/PR:N/UI:R/S:U/C:N/I:N/A:H,poppler,PDF002,
CVE-2020-15945,MEDIUM,5.5,CVSS:3.1/AV:L/AC:L/PR:L/UI:N/S:U/C:N/I:N/A:H,lua,LUA004,
CVE-2020-24369,HIGH,7.5,CVSS:3.1/AV:N/AC:L/PR:N/UI:N/S:U/C:N/I:N/A:H,lua,LUA002,
CVE-2020-24370,MEDIUM,5.3,CVSS:3.1/AV:N/AC:L/PR:N/UI:N/S:U/C:N/I:N/A:L,lua,LUA001,
CVE-2020-9327,HIGH,7.5,CVSS:3.1/AV:N/AC:L/PR:N/UI:N/S:U/C:N/I:N/A:H,sqlite3,SQL017,
